rank,file,t_sec,score,U,A,D,n_boxes,n_ambiguous,empty,selected
1,frame_0073.jpg,29.2,0.8127,0.7454,0.8,1.0,4,4,False,True
2,frame_0072.jpg,28.8,0.769,0.6579,0.8,1.0,5,4,False,False
3,frame_0015.jpg,6.0,0.7524,0.6247,0.8,1.0,4,4,False,True
4,frame_0077.jpg,30.8,0.7442,0.6564,0.8,0.88,5,4,False,False
5,frame_0290.jpg,116.0,0.7362,0.7925,0.6,0.8,3,3,False,True
6,frame_0079.jpg,31.6,0.7225,0.7649,0.6,0.8,4,3,False,True
7,frame_0128.jpg,51.2,0.6982,0.7004,0.6,0.84,3,3,False,True
8,frame_0078.jpg,31.2,0.6763,0.5366,0.8,0.84,5,4,False,False
9,frame_0024.jpg,9.6,0.6553,0.7906,0.2,1.0,1,1,False,True
10,frame_0030.jpg,12.0,0.6466,0.5333,0.6,1.0,4,3,False,True
11,frame_0170.jpg,68.0,0.6455,0.4991,1.0,0.48,6,5,False,True
12,frame_0232.jpg,92.8,0.6435,0.607,1.0,0.2,7,5,False,True
13,frame_0010.jpg,4.0,0.6361,0.7522,0.2,1.0,1,1,False,True
14,frame_0014.jpg,5.6,0.635,0.6299,0.4,1.0,3,2,False,False
15,frame_0008.jpg,3.2,0.6341,0.5083,0.6,1.0,3,3,False,False
16,frame_0233.jpg,93.2,0.6303,0.6847,0.8,0.24,5,4,False,False
17,frame_0289.jpg,115.6,0.6274,0.8307,0.2,0.76,3,1,False,False
18,frame_0285.jpg,114.0,0.6273,0.5346,0.8,0.6,4,4,False,True
19,frame_0028.jpg,11.2,0.6239,0.6077,0.4,1.0,2,2,False,False
20,frame_0306.jpg,122.4,0.6214,0.6668,0.8,0.24,7,4,False,True
21,frame_0296.jpg,118.4,0.621,0.6261,0.6,0.64,5,3,False,False
22,frame_0013.jpg,5.2,0.6184,0.8368,0.0,1.0,1,0,False,False
23,frame_0287.jpg,114.8,0.6173,0.7225,0.4,0.68,4,2,False,False
24,frame_0304.jpg,121.6,0.6171,0.6261,0.8,0.32,5,4,False,False
25,frame_0389.jpg,155.6,0.6021,0.5563,1.0,0.12,7,5,False,False
26,frame_0292.jpg,116.8,0.6017,0.5234,0.6,0.8,4,3,False,False
27,frame_0397.jpg,158.8,0.6008,0.6416,0.8,0.2,7,4,False,False
28,frame_0070.jpg,28.0,0.5996,0.4392,0.6,1.0,5,3,False,False
29,frame_0068.jpg,27.2,0.5994,0.5588,0.4,1.0,2,2,False,False
30,frame_0021.jpg,8.4,0.5975,0.4349,0.6,1.0,4,3,False,False
31,frame_0188.jpg,75.2,0.5968,0.6975,0.8,0.04,7,4,False,False
32,frame_0330.jpg,132.0,0.5949,0.5738,1.0,0.04,8,5,False,False
33,frame_0029.jpg,11.6,0.5934,0.6667,0.2,1.0,4,1,False,False
34,frame_0291.jpg,116.4,0.5916,0.4871,0.6,0.84,5,3,False,False
35,frame_0398.jpg,159.2,0.5905,0.605,0.8,0.24,5,4,False,False
36,frame_0385.jpg,154.0,0.5891,0.6182,0.8,0.2,5,4,False,False
37,frame_0384.jpg,153.6,0.5852,0.6263,0.8,0.16,9,4,False,False
38,frame_0020.jpg,8.0,0.5832,0.5264,0.4,1.0,4,2,False,False
39,frame_0169.jpg,67.6,0.583,0.5981,0.6,0.52,3,3,False,False
40,frame_0299.jpg,119.6,0.5818,0.5956,0.6,0.52,4,3,False,False
41,frame_0074.jpg,29.6,0.5813,0.4025,0.6,1.0,6,3,False,False
42,frame_0087.jpg,34.8,0.5813,0.6105,0.6,0.48,3,3,False,False
43,frame_0281.jpg,112.4,0.5809,0.7458,0.4,0.44,4,2,False,False
44,frame_0386.jpg,154.4,0.5806,0.7051,0.6,0.24,8,3,False,False
45,frame_0197.jpg,78.8,0.58,0.0,0.0,0.4,0,0,True,False
46,frame_0225.jpg,90.0,0.5746,0.7571,0.6,0.08,4,3,False,False
47,frame_0069.jpg,27.6,0.5719,0.5039,0.4,1.0,4,2,False,False
48,frame_0123.jpg,49.2,0.571,0.6459,0.4,0.64,4,2,False,False
49,frame_0206.jpg,82.4,0.5687,0.8334,0.0,0.76,1,0,False,False
50,frame_0175.jpg,70.0,0.5685,0.6649,0.6,0.28,4,3,False,False
51,frame_0279.jpg,111.6,0.5684,0.6328,0.6,0.36,4,3,False,False
52,frame_0218.jpg,87.2,0.5661,0.7482,0.4,0.36,2,2,False,False
53,frame_0112.jpg,44.8,0.563,0.8059,0.4,0.2,3,2,False,False
54,frame_0332.jpg,132.8,0.5598,0.7436,0.6,0.04,5,3,False,False
55,frame_0011.jpg,4.4,0.5573,0.4745,0.4,1.0,3,2,False,False
56,frame_0288.jpg,115.2,0.5559,0.5838,0.4,0.72,5,2,False,False
57,frame_0007.jpg,2.8,0.5551,0.4701,0.4,1.0,3,2,False,False
58,frame_0297.jpg,118.8,0.5539,0.5078,0.6,0.6,5,3,False,False
59,frame_0271.jpg,108.4,0.5523,0.9686,0.2,0.04,1,1,False,False
60,frame_0067.jpg,26.8,0.551,0.3419,0.6,1.0,5,3,False,False
61,frame_0275.jpg,110.0,0.549,0.6579,0.6,0.2,5,3,False,False
62,frame_0184.jpg,73.6,0.5489,0.5857,0.8,0.08,4,4,False,False
63,frame_0132.jpg,52.8,0.5487,0.3374,0.6,1.0,5,3,False,False
64,frame_0318.jpg,127.2,0.545,0.514,0.8,0.24,5,4,False,False
65,frame_0006.jpg,2.4,0.5439,0.4478,0.4,1.0,2,2,False,False
66,frame_0293.jpg,117.2,0.5433,0.4226,0.6,0.76,3,3,False,False
67,frame_0378.jpg,151.2,0.541,0.57,0.8,0.08,7,4,False,False
68,frame_0374.jpg,149.6,0.536,0.512,0.8,0.2,6,4,False,False
69,frame_0131.jpg,52.4,0.5357,0.5674,0.2,0.96,3,1,False,False
70,frame_0174.jpg,69.6,0.5348,0.7015,0.4,0.32,3,2,False,False
71,frame_0282.jpg,112.8,0.5345,0.5171,0.6,0.48,5,3,False,False
72,frame_0071.jpg,28.4,0.5311,0.4221,0.4,1.0,5,2,False,False
73,frame_0001.jpg,0.4,0.5309,0.4217,0.4,1.0,6,2,False,False
74,frame_0167.jpg,66.8,0.5308,0.4615,0.6,0.6,3,3,False,False
75,frame_0130.jpg,52.0,0.529,0.4499,0.4,0.92,5,2,False,False
76,frame_0375.jpg,150.0,0.525,0.61,0.6,0.2,6,3,False,False
77,frame_0377.jpg,150.8,0.5241,0.5202,0.8,0.12,6,4,False,False
78,frame_0110.jpg,44.0,0.524,0.0,0.0,0.12,0,0,True,False
79,frame_0310.jpg,124.0,0.5233,0.7747,0.4,0.08,2,2,False,False
80,frame_0124.jpg,49.6,0.5221,0.4121,0.6,0.68,7,3,False,False
81,frame_0173.jpg,69.2,0.5207,0.4175,0.8,0.36,6,4,False,False
82,frame_0017.jpg,6.8,0.5193,0.3986,0.4,1.0,5,2,False,False
83,frame_0267.jpg,106.8,0.5171,0.7463,0.4,0.12,2,2,False,False
84,frame_0016.jpg,6.4,0.5064,0.3727,0.4,1.0,3,2,False,False
85,frame_0387.jpg,154.8,0.503,0.4461,0.8,0.2,11,4,False,False
86,frame_0283.jpg,113.2,0.5023,0.5566,0.4,0.52,3,2,False,False
87,frame_0000.jpg,0.0,0.5005,0.481,0.2,1.0,4,1,False,False
88,frame_0127.jpg,50.8,0.4985,0.4369,0.4,0.8,4,2,False,False
89,frame_0076.jpg,30.4,0.4982,0.3884,0.4,0.92,3,2,False,False
90,frame_0302.jpg,120.8,0.4982,0.4763,0.6,0.4,5,3,False,False
91,frame_0108.jpg,43.2,0.4966,0.7373,0.4,0.04,3,2,False,False
92,frame_0025.jpg,10.0,0.4953,0.4705,0.2,1.0,2,1,False,False
93,frame_0307.jpg,122.8,0.4929,0.4258,0.8,0.2,5,4,False,False
94,frame_0308.jpg,123.2,0.4915,0.439,0.8,0.16,5,4,False,False
95,frame_0106.jpg,42.4,0.4841,0.4722,0.8,0.04,6,4,False,False
96,frame_0216.jpg,86.4,0.4836,0.7911,0.0,0.44,2,0,False,False
97,frame_0319.jpg,127.6,0.4826,0.4932,0.6,0.28,6,3,False,False
98,frame_0089.jpg,35.6,0.4825,0.445,0.6,0.4,5,3,False,False
99,frame_0009.jpg,3.6,0.4818,0.3236,0.4,1.0,2,2,False,False
100,frame_0286.jpg,114.4,0.4806,0.3452,0.6,0.64,5,3,False,False
101,frame_0300.jpg,120.0,0.4789,0.4059,0.6,0.48,4,3,False,False
102,frame_0122.jpg,48.8,0.4774,0.4749,0.4,0.6,3,2,False,False
103,frame_0327.jpg,130.8,0.4767,0.5774,0.6,0.04,8,3,False,False
104,frame_0126.jpg,50.4,0.4731,0.4022,0.4,0.76,4,2,False,False
105,frame_0277.jpg,110.8,0.4724,0.4729,0.6,0.28,6,3,False,False
106,frame_0018.jpg,7.2,0.4715,0.303,0.4,1.0,6,2,False,False
107,frame_0284.jpg,113.6,0.4709,0.3578,0.6,0.56,5,3,False,False
108,frame_0093.jpg,37.2,0.4691,0.6022,0.4,0.24,2,2,False,False
109,frame_0295.jpg,118.0,0.469,0.4261,0.4,0.68,6,2,False,False
110,frame_0088.jpg,35.2,0.4681,0.6401,0.2,0.44,3,1,False,False
111,frame_0301.jpg,120.4,0.4647,0.5135,0.4,0.44,4,2,False,False
112,frame_0190.jpg,76.0,0.4645,0.5209,0.6,0.12,3,3,False,False
113,frame_0224.jpg,89.6,0.4559,0.6237,0.4,0.12,3,2,False,False
114,frame_0129.jpg,51.6,0.4545,0.557,0.0,0.88,4,0,False,False
115,frame_0219.jpg,87.6,0.453,0.658,0.2,0.32,1,1,False,False
116,frame_0185.jpg,74.0,0.4526,0.5131,0.6,0.08,4,3,False,False
117,frame_0210.jpg,84.0,0.4521,0.5123,0.2,0.68,2,1,False,False
118,frame_0213.jpg,85.2,0.4517,0.5594,0.2,0.56,1,1,False,False
119,frame_0033.jpg,13.2,0.4515,0.3829,0.2,1.0,4,1,False,False
120,frame_0209.jpg,83.6,0.4503,0.4925,0.2,0.72,3,1,False,False
121,frame_0125.jpg,50.0,0.4485,0.3689,0.4,0.72,8,2,False,False
122,frame_0208.jpg,83.2,0.4485,0.4729,0.2,0.76,2,1,False,False
123,frame_0396.jpg,158.4,0.4477,0.4715,0.6,0.16,5,3,False,False
124,frame_0111.jpg,44.4,0.4461,0.3482,0.8,0.16,4,4,False,False
125,frame_0367.jpg,146.8,0.4458,0.3796,0.8,0.08,7,4,False,False
126,frame_0222.jpg,88.8,0.4454,0.4507,0.6,0.2,3,3,False,False
127,frame_0382.jpg,152.8,0.444,0.6159,0.4,0.08,2,2,False,False
128,frame_0116.jpg,46.4,0.4433,0.3826,0.6,0.36,5,3,False,False
129,frame_0211.jpg,84.4,0.4394,0.6227,0.0,0.64,2,0,False,False
130,frame_0005.jpg,2.0,0.4374,0.3548,0.2,1.0,5,1,False,False
131,frame_0294.jpg,117.6,0.4364,0.3447,0.4,0.72,4,2,False,False
132,frame_0118.jpg,47.2,0.4343,0.4526,0.4,0.44,3,2,False,False
133,frame_0075.jpg,30.0,0.4332,0.3624,0.2,0.96,4,1,False,False
134,frame_0176.jpg,70.4,0.4304,0.5247,0.4,0.24,7,2,False,False
135,frame_0372.jpg,148.8,0.4301,0.5721,0.4,0.12,3,2,False,False
136,frame_0026.jpg,10.4,0.4294,0.4589,0.0,1.0,2,0,False,False
137,frame_0315.jpg,126.0,0.4276,0.4472,0.6,0.12,4,3,False,False
138,frame_0202.jpg,80.8,0.4267,0.4934,0.2,0.6,3,1,False,False
139,frame_0003.jpg,1.2,0.4248,0.3296,0.2,1.0,4,1,False,False
140,frame_0320.jpg,128.0,0.4238,0.5116,0.4,0.24,6,2,False,False
141,frame_0031.jpg,12.4,0.4235,0.327,0.2,1.0,4,1,False,False
142,frame_0370.jpg,148.0,0.4229,0.5897,0.4,0.04,3,2,False,False
143,frame_0183.jpg,73.2,0.4221,0.5882,0.4,0.04,4,2,False,False
144,frame_0329.jpg,131.6,0.4214,0.5709,0.4,0.08,5,2,False,False
145,frame_0180.jpg,72.0,0.4196,0.4472,0.6,0.08,4,3,False,False
146,frame_0298.jpg,119.2,0.4169,0.3698,0.4,0.56,4,2,False,False
147,frame_0171.jpg,68.4,0.4146,0.4131,0.4,0.44,3,2,False,False
148,frame_0019.jpg,7.6,0.4141,0.3082,0.2,1.0,3,1,False,False
149,frame_0121.jpg,48.4,0.4141,0.4842,0.2,0.56,3,1,False,False
150,frame_0186.jpg,74.4,0.4127,0.5694,0.4,0.04,5,2,False,False
151,frame_0303.jpg,121.2,0.4107,0.3173,0.6,0.36,5,3,False,False
152,frame_0004.jpg,1.6,0.4094,0.2988,0.2,1.0,4,1,False,False
153,frame_0027.jpg,10.8,0.4093,0.2987,0.2,1.0,2,1,False,False
154,frame_0092.jpg,36.8,0.4026,0.5731,0.2,0.28,2,1,False,False
155,frame_0280.jpg,112.0,0.4025,0.4049,0.4,0.4,5,2,False,False
156,frame_0376.jpg,150.4,0.4,0.496,0.4,0.16,6,2,False,False
157,frame_0203.jpg,81.2,0.3981,0.4201,0.2,0.64,4,1,False,False
158,frame_0317.jpg,126.8,0.3939,0.3477,0.6,0.2,5,3,False,False
159,frame_0274.jpg,109.6,0.3932,0.4825,0.4,0.16,4,2,False,False
160,frame_0215.jpg,86.0,0.3887,0.3455,0.4,0.48,3,2,False,False
161,frame_0221.jpg,88.4,0.3886,0.4411,0.4,0.24,3,2,False,False
162,frame_0198.jpg,79.2,0.3857,0.4754,0.2,0.44,1,1,False,False
163,frame_0231.jpg,92.4,0.3843,0.4646,0.4,0.16,7,2,False,False
164,frame_0084.jpg,33.6,0.3822,0.2844,0.4,0.6,3,2,False,False
165,frame_0276.jpg,110.4,0.381,0.4261,0.4,0.24,6,2,False,False
166,frame_0220.jpg,88.0,0.3788,0.4056,0.4,0.28,2,2,False,False
167,frame_0094.jpg,37.6,0.3719,0.4238,0.4,0.2,2,2,False,False
168,frame_0133.jpg,53.2,0.3679,0.3357,0.0,1.0,5,0,False,False
169,frame_0032.jpg,12.8,0.3619,0.3238,0.0,1.0,3,0,False,False
170,frame_0085.jpg,34.0,0.3606,0.3772,0.2,0.56,2,1,False,False
171,frame_0091.jpg,36.4,0.3602,0.3523,0.4,0.32,3,2,False,False
172,frame_0189.jpg,75.6,0.3602,0.4484,0.4,0.08,3,2,False,False
173,frame_0199.jpg,79.6,0.36,0.408,0.2,0.48,1,1,False,False
174,frame_0114.jpg,45.6,0.3581,0.3642,0.4,0.28,4,2,False,False
175,frame_0368.jpg,147.2,0.3569,0.3378,0.6,0.04,8,3,False,False
176,frame_0119.jpg,47.6,0.3534,0.3948,0.2,0.48,1,1,False,False
177,frame_0305.jpg,122.0,0.3532,0.3543,0.4,0.28,4,2,False,False
178,frame_0230.jpg,92.0,0.3503,0.5327,0.2,0.12,6,1,False,False
179,frame_0002.jpg,0.8,0.3491,0.2982,0.0,1.0,6,0,False,False
180,frame_0177.jpg,70.8,0.3468,0.4937,0.2,0.2,5,1,False,False
181,frame_0168.jpg,67.2,0.3467,0.3494,0.2,0.56,5,1,False,False
182,frame_0195.jpg,78.0,0.3465,0.3251,0.4,0.32,5,2,False,False
183,frame_0113.jpg,45.2,0.3431,0.3501,0.4,0.24,4,2,False,False
184,frame_0196.jpg,78.4,0.343,0.4219,0.2,0.36,2,1,False,False
185,frame_0229.jpg,91.6,0.3392,0.4065,0.4,0.08,6,2,False,False
186,frame_0082.jpg,32.8,0.3384,0.2847,0.2,0.68,4,1,False,False
187,frame_0096.jpg,38.4,0.3367,0.5053,0.2,0.12,4,1,False,False
188,frame_0328.jpg,131.2,0.3364,0.4007,0.4,0.08,5,2,False,False
189,frame_0390.jpg,156.0,0.3362,0.4003,0.4,0.08,5,2,False,False
190,frame_0179.jpg,71.6,0.3361,0.5041,0.2,0.12,3,1,False,False
191,frame_0081.jpg,32.4,0.3357,0.2634,0.2,0.72,2,1,False,False
192,frame_0095.jpg,38.0,0.3315,0.3589,0.4,0.16,5,2,False,False
193,frame_0192.jpg,76.8,0.3284,0.3367,0.4,0.2,3,2,False,False
194,frame_0217.jpg,86.8,0.3254,0.3707,0.2,0.4,3,1,False,False
195,frame_0269.jpg,107.6,0.3246,0.5133,0.2,0.04,3,1,False,False
196,frame_0193.jpg,77.2,0.3238,0.4317,0.2,0.24,3,1,False,False
197,frame_0086.jpg,34.4,0.3236,0.3191,0.2,0.52,2,1,False,False
198,frame_0333.jpg,133.2,0.3216,0.3712,0.4,0.08,5,2,False,False
199,frame_0314.jpg,125.6,0.3215,0.491,0.2,0.08,3,1,False,False
200,frame_0228.jpg,91.2,0.3161,0.3762,0.4,0.04,3,2,False,False
201,frame_0313.jpg,125.2,0.3109,0.4858,0.2,0.04,2,1,False,False
202,frame_0012.jpg,4.8,0.3029,0.2057,0.0,1.0,3,0,False,False
203,frame_0097.jpg,38.8,0.3021,0.3321,0.4,0.08,4,2,False,False
204,frame_0322.jpg,128.8,0.3013,0.2986,0.4,0.16,3,2,False,False
205,frame_0223.jpg,89.2,0.301,0.2979,0.4,0.16,3,2,False,False
206,frame_0321.jpg,128.4,0.3007,0.2815,0.4,0.2,4,2,False,False
207,frame_0090.jpg,36.0,0.3006,0.3372,0.2,0.36,3,1,False,False
208,frame_0395.jpg,158.0,0.2957,0.3033,0.4,0.12,3,2,False,False
209,frame_0214.jpg,85.6,0.2955,0.263,0.2,0.52,2,1,False,False
210,frame_0201.jpg,80.4,0.2954,0.2467,0.2,0.56,3,1,False,False
211,frame_0109.jpg,43.6,0.2953,0.4385,0.2,0.08,3,1,False,False
212,frame_0191.jpg,76.4,0.2933,0.4025,0.2,0.16,4,1,False,False
213,frame_0379.jpg,151.6,0.2926,0.3292,0.4,0.04,5,2,False,False
214,frame_0278.jpg,111.2,0.2899,0.3318,0.2,0.32,5,1,False,False
215,frame_0023.jpg,9.2,0.287,0.174,0.0,1.0,2,0,False,False
216,frame_0172.jpg,68.8,0.2831,0.2862,0.2,0.4,2,1,False,False
217,frame_0311.jpg,124.4,0.2825,0.4291,0.2,0.04,3,1,False,False
218,frame_0117.jpg,46.8,0.2801,0.2801,0.2,0.4,4,1,False,False
219,frame_0388.jpg,155.2,0.2796,0.2552,0.4,0.16,6,2,False,False
220,frame_0083.jpg,33.2,0.2746,0.1731,0.2,0.64,3,1,False,False
221,frame_0105.jpg,42.0,0.2701,0.2681,0.4,0.08,4,2,False,False
222,frame_0022.jpg,8.8,0.264,0.128,0.0,1.0,1,0,False,False
223,frame_0226.jpg,90.4,0.2599,0.2637,0.4,0.04,6,2,False,False
224,frame_0102.jpg,40.8,0.2581,0.3482,0.2,0.12,1,1,False,False
225,frame_0309.jpg,123.6,0.253,0.3381,0.2,0.12,5,1,False,False
226,frame_0316.jpg,126.4,0.251,0.318,0.2,0.16,4,1,False,False
227,frame_0273.jpg,109.2,0.2492,0.3305,0.2,0.12,3,1,False,False
228,frame_0373.jpg,149.2,0.2366,0.4093,0.0,0.16,4,0,False,False
229,frame_0204.jpg,81.6,0.2364,0.2008,0.0,0.68,1,0,False,False
230,frame_0080.jpg,32.0,0.2361,0.1681,0.0,0.76,4,0,False,False
231,frame_0205.jpg,82.0,0.2354,0.1828,0.0,0.72,1,0,False,False
232,frame_0399.jpg,159.6,0.2354,0.3589,0.0,0.28,6,0,False,False
233,frame_0207.jpg,82.8,0.2344,0.1488,0.0,0.8,2,0,False,False
234,frame_0115.jpg,46.0,0.2291,0.3301,0.0,0.32,3,0,False,False
235,frame_0371.jpg,148.4,0.2269,0.3019,0.2,0.08,4,1,False,False
236,frame_0103.jpg,41.2,0.2248,0.2655,0.2,0.16,2,1,False,False
237,frame_0383.jpg,153.2,0.2182,0.2684,0.2,0.12,4,1,False,False
238,frame_0098.jpg,39.2,0.2119,0.2877,0.2,0.04,6,1,False,False
239,frame_0323.jpg,129.2,0.2114,0.2548,0.2,0.12,3,1,False,False
240,frame_0272.jpg,108.8,0.208,0.264,0.2,0.08,3,1,False,False
241,frame_0212.jpg,84.8,0.2032,0.1664,0.0,0.6,1,0,False,False
242,frame_0381.jpg,152.4,0.2031,0.3901,0.0,0.04,3,0,False,False
243,frame_0178.jpg,71.2,0.2026,0.3412,0.0,0.16,3,0,False,False
244,frame_0324.jpg,129.6,0.2016,0.2512,0.2,0.08,3,1,False,False
245,frame_0394.jpg,157.6,0.2003,0.2486,0.2,0.08,4,1,False,False
246,frame_0194.jpg,77.6,0.1984,0.2848,0.0,0.28,4,0,False,False
247,frame_0200.jpg,80.0,0.1981,0.1882,0.0,0.52,1,0,False,False
248,frame_0120.jpg,48.0,0.1923,0.1765,0.0,0.52,2,0,False,False
249,frame_0181.jpg,72.4,0.173,0.33,0.0,0.04,5,0,False,False
250,frame_0391.jpg,156.4,0.15,0.284,0.0,0.04,6,0,False,False
251,frame_0268.jpg,107.2,0.1366,0.2412,0.0,0.08,3,0,False,False
252,frame_0100.jpg,40.0,0.1345,0.2529,0.0,0.04,3,0,False,False
253,frame_0101.jpg,40.4,0.1165,0.201,0.0,0.08,2,0,False,False
254,frame_0104.jpg,41.6,0.1049,0.1618,0.0,0.12,2,0,False,False
255,frame_0393.jpg,157.2,0.1042,0.1924,0.0,0.04,3,0,False,False
256,frame_0325.jpg,130.0,0.0791,0.1422,0.0,0.04,3,0,False,False
